"subject","block_number","sound","list","block_time","block_time_s","block_time_m","block_start"
1,1,"Silence","A",186288.349000095,186.288349000095,3.10480581666826,41687
1,2,"Lyrical","A",184226.137000191,184.226137000191,3.07043561666985,41882
1,3,"Instrumental","A",168775.680999809,168.775680999809,2.81292801666349,42085
1,4,"Speech","A",178126.489000095,178.126489000095,2.96877481666826,42261
2,1,"Silence","A",178477.507999999,178.477507999999,2.97462513333331,43047
2,2,"Lyrical","A",153183.402999999,153.183402999999,2.55305671666664,43235
2,3,"Instrumental","A",143806.026999998,143.806026999998,2.39676711666664,43400
2,4,"Speech","A",145083.072999999,145.083072999999,2.41805121666665,43551
3,1,"Silence","A",187964.410999928,187.964410999928,3.13274018333214,43053
3,2,"Lyrical","A",181821.121000024,181.821121000024,3.03035201666706,43252
3,3,"Instrumental","A",165082.363000024,165.082363000024,2.75137271666706,43476
3,4,"Speech","A",189036.549999952,189.036549999952,3.15060916666587,43648
4,1,"Silence","A",273279.716,273.279716,4.55466193333333,42792
4,2,"Lyrical","A",248880.463,248.880463,4.14800771666666,43078
4,3,"Instrumental","A",218192.814,218.192814,3.63654690000001,43427
4,4,"Speech","A",227680.437,227.680437,3.79467395,43652
5,1,"Silence","A",263126.423,263.126423,4.38544038333333,42962
5,2,"Lyrical","A",254821.108,254.821108,4.24701846666667,43237
5,3,"Instrumental","A",213916.132,213.916132,3.56526886666666,43592
5,4,"Speech","A",229376.418,229.376418,3.8229403,43814
6,1,"Silence","A",158206.961999999,158.206961999999,2.63678269999999,48429
6,2,"Lyrical","A",135474.691999997,135.474691999997,2.25791153333328,48595
6,3,"Instrumental","A",133851.351999997,133.851351999997,2.23085586666662,48742
6,4,"Speech","A",139034.520999999,139.034520999999,2.31724201666664,48882
7,1,"Silence","A",201226.02,201.22602,3.353767,48437
7,2,"Lyrical","A",185289.9,185.2899,3.088165,48647
7,3,"Instrumental","A",167223.32,167.22332,2.78705533333333,48873
7,4,"Speech","A",170182.34,170.18234,2.83637233333333,49047
8,1,"Silence","A",159437.022000048,159.437022000048,2.65728370000079,50539
8,2,"Lyrical","A",144759.501,144.759501,2.41265835,50706
8,3,"Instrumental","A",128236.303,128.236303,2.13727171666667,50860
8,4,"Speech","A",140970.140000024,140.970140000024,2.34950233333373,50994
9,1,"Silence","A",166195.065000003,166.195065000003,2.76991775000005,51721
9,2,"Lyrical","A",178727.118000009,178.727118000009,2.97878530000015,51895
9,3,"Instrumental","A",153314.307,153.314307,2.55523845,52154
9,4,"Speech","A",169402.146000006,169.402146000006,2.8233691000001,52313
10,1,"Silence","A",183009,183.009,3.05015,51737
10,2,"Lyrical","A",183010,183.01,3.05016666666667,51930
10,3,"Instrumental","A",189388,189.388,3.15646666666667,52139
10,4,"Speech","A",177069,177.069,2.95115,52335
11,1,"Silence","A",175527.195000143,175.527195000143,2.92545325000238,51864
11,2,"Lyrical","A",190269.546000095,190.269546000095,3.17115910000159,52050
11,3,"Instrumental","A",161516.677,161.516677,2.69194461666667,52281
11,4,"Speech","A",166467.833000095,166.467833000095,2.77446388333492,52458
12,1,"Silence","A",245928.32,245.92832,4.09880533333333,51946
12,2,"Lyrical","A",244524.34,244.52434,4.07540566666667,52210
12,3,"Instrumental","A",204542.54,204.54254,3.40904233333333,52553
12,4,"Speech","A",227832.64,227.83264,3.79721066666666,52764
13,1,"Silence","A",204449.523999952,204.449523999952,3.40749206666587,52851
13,2,"Lyrical","A",237314.755999905,237.314755999905,3.95524593333174,53062
13,3,"Instrumental","A",181436.419999976,181.436419999976,3.02394033333294,53309
13,4,"Speech","A",224679.562999905,224.679562999905,3.74465938333174,53497
14,1,"Silence","A",259448.520999928,259.448520999928,4.32414201666547,53886
14,2,"Lyrical","A",238481.222,238.481222,3.97468703333333,54156
14,3,"Instrumental","A",231326.051999952,231.326051999952,3.85543419999921,54492
14,4,"Speech","A",226969.628999976,226.969628999976,3.7828271499996,54729
15,1,"Silence","A",151730.579000072,151.730579000072,2.52884298333453,65009
15,2,"Lyrical","A",159069.527000048,159.069527000048,2.65115878333413,65169
15,3,"Instrumental","A",152954.751000024,152.954751000024,2.5492458500004,65339
15,4,"Speech","A",157072.408000048,157.072408000048,2.61787346666746,65498
16,1,"Silence","A",193860.515000012,193.860515000012,3.23100858333353,65241
16,2,"Lyrical","A",191728.805999988,191.728805999988,3.1954800999998,65443
16,3,"Instrumental","A",172174.872000036,172.174872000036,2.8695812000006,65644
16,4,"Speech","A",179849.989999988,179.849989999988,2.99749983333314,65822
17,1,"Silence","A",140780.394,140.780394,2.3463399,65485
17,2,"Lyrical","A",140763.347,140.763347,2.34605578333333,65635
17,3,"Instrumental","A",128308.178,128.308178,2.13846963333333,65787
17,4,"Speech","A",135080.864,135.080864,2.25134773333334,65921
18,1,"Silence","A",202422,202.422,3.3737,66598
18,2,"Lyrical","A",195594,195.594,3.2599,66807
18,3,"Instrumental","A",155383,155.383,2.58971666666667,67098
18,4,"Speech","A",145703,145.703,2.42838333333333,67260
19,1,"Silence","A",193752.355999952,193.752355999952,3.22920593333254,66683
19,2,"Lyrical","A",174100.235,174.100235,2.90167058333333,66886
19,3,"Instrumental","A",165483.674,165.483674,2.75806123333333,67111
19,4,"Speech","A",174026.216999976,174.026216999976,2.9004369499996,67283
20,1,"Silence","A",257164.711,257.164711,4.28607851666667,67070
20,2,"Lyrical","A",220638.190999952,220.638190999952,3.67730318333254,67350
20,3,"Instrumental","A",222259.419999952,222.259419999952,3.70432366666587,67607
20,4,"Speech","A",209488.903999928,209.488903999928,3.49148173333214,67839
21,1,"Silence","A",203917.814,203.917814,3.39863023333333,68270
21,2,"Lyrical","A",166628.879000095,166.628879000095,2.77714798333492,68492
21,3,"Instrumental","A",150061.1,150.0611,2.50101833333333,68725
21,4,"Speech","A",161295.614000095,161.295614000095,2.68826023333492,68882
22,1,"Silence","A",183683.202000024,183.683202000024,3.0613867000004,71995
22,2,"Lyrical","A",194164.915,194.164915,3.23608191666667,72189
22,3,"Instrumental","A",157587.894999976,157.587894999976,2.62646491666627,72396
22,4,"Speech","A",164860.805,164.860805,2.74768008333333,72561
23,1,"Silence","A",210022.7,210.0227,3.50037833333333,72060
23,2,"Lyrical","A",201683.34,201.68334,3.361389,72279
23,3,"Instrumental","A",190378.12,190.37812,3.17296866666667,72581
23,4,"Speech","A",181531.48,181.53148,3.02552466666667,72781
24,1,"Silence","A",252826.359000095,252.826359000095,4.21377265000159,72014
24,2,"Lyrical","A",246826.164,246.826164,4.1137694,72281
24,3,"Instrumental","A",232450.683000143,232.450683000143,3.87417805000238,72543
24,4,"Speech","A",250982.327000048,250.982327000048,4.18303878333413,72783
25,1,"Silence","A",174326.2,174.3262,2.90543666666667,72439
25,2,"Lyrical","A",164706.26,164.70626,2.74510433333333,72621
25,3,"Instrumental","A",164803.74,164.80374,2.746729,72796
25,4,"Speech","A",183513.16,183.51316,3.05855266666667,72975
26,1,"Silence","A",161709.055,161.709055,2.69515091666667,30790
26,2,"Lyrical","A",157684.164,157.684164,2.6280694,30959
26,3,"Instrumental","A",154984.348,154.984348,2.58307246666667,31128
26,4,"Speech","A",174870.325,174.870325,2.91450541666667,31302
27,1,"Lyrical","B",158122.594000012,158.122594000012,2.63537656666687,61764
27,2,"Instrumental","B",148308.47,148.30847,2.47180783333333,61929
27,3,"Speech","B",146411.898999988,146.411898999988,2.44019831666647,62087
27,4,"Silence","B",152378.185,152.378185,2.53963641666667,62238
28,1,"Lyrical","B",171818.892999999,171.818892999999,2.86364821666664,61946
28,2,"Instrumental","B",208948.864,208.948864,3.48248106666666,62149
28,3,"Speech","B",231445.339999999,231.445339999999,3.85742233333332,62418
28,4,"Silence","B",252019.921999999,252.019921999999,4.20033203333331,62662
29,1,"Lyrical","B",204386.961999857,204.386961999857,3.40644936666428,62163
29,2,"Instrumental","B",176139.958999905,176.139958999905,2.93566598333174,62376
29,3,"Speech","B",167678.598,167.678598,2.7946433,62604
29,4,"Silence","B",191756.003999809,191.756003999809,3.19593339999682,62785
30,1,"Lyrical","B",196090.646,196.090646,3.26817743333334,62477
30,2,"Instrumental","B",170538.473,170.538473,2.84230788333334,62682
30,3,"Speech","B",180733.201,180.733201,3.01222001666666,62867
30,4,"Silence","B",180791.414,180.791414,3.01319023333334,63057
31,1,"Lyrical","B",291331.117000012,291.331117000012,4.85551861666687,62361
31,2,"Instrumental","B",266847.507999976,266.847507999976,4.44745846666627,62663
31,3,"Speech","B",265807.534000012,265.807534000012,4.43012556666687,62942
31,4,"Silence","B",263820.146,263.820146,4.39700243333333,63216
32,1,"Lyrical","B",220490.6,220.4906,3.67484333333333,62730
32,2,"Instrumental","B",191251.84,191.25184,3.18753066666667,62958
32,3,"Speech","B",192292.84,192.29284,3.20488066666667,63160
32,4,"Silence","B",189722.78,189.72278,3.16204633333333,63359
33,1,"Lyrical","B",279068.701999988,279.068701999988,4.65114503333313,63073
33,2,"Instrumental","B",210111.161,210.111161,3.50185268333333,63370
33,3,"Speech","B",237953.779,237.953779,3.96589631666667,63622
33,4,"Silence","B",207795.296999994,207.795296999994,3.4632549499999,63872
34,1,"Lyrical","B",284954.078,284.954078,4.74923463333333,78741
34,2,"Instrumental","B",240436.137999997,240.436137999997,4.00726896666662,79039
34,3,"Speech","B",244169.088999999,244.169088999999,4.06948481666664,79372
34,4,"Silence","B",252878.234999998,252.878234999998,4.21463724999998,79643
35,1,"Lyrical","B",157593.899999809,157.593899999809,2.62656499999682,39936
35,2,"Instrumental","B",166473.507999857,166.473507999857,2.77455846666428,40101
35,3,"Speech","B",134029.458999857,134.029458999857,2.23382431666428,40308
35,4,"Silence","B",146166.934999809,146.166934999809,2.43611558333015,40455
36,1,"Lyrical","B",190456.412,190.456412,3.17427353333333,40217
36,2,"Instrumental","B",164962.529999999,164.962529999999,2.74937549999998,40415
36,3,"Speech","B",161727.436999999,161.727436999999,2.69545728333331,40591
36,4,"Silence","B",181309.349999999,181.309349999999,3.02182249999998,40760
37,1,"Lyrical","B",190781.937000024,190.781937000024,3.1796989500004,40286
37,2,"Instrumental","B",172223.627,172.223627,2.87039378333333,40493
37,3,"Speech","B",176484.565999988,176.484565999988,2.94140943333314,40678
37,4,"Silence","B",167283.683000036,167.283683000036,2.78806138333393,40867
38,1,"Lyrical","B",190420.040999999,190.420040999999,3.17366734999999,40195
38,2,"Instrumental","B",175516.642999998,175.516642999998,2.9252773833333,40394
38,3,"Speech","B",187504.428999998,187.504428999998,3.12507381666664,40657
38,4,"Silence","B",194973.343999999,194.973343999999,3.24955573333331,40858
39,1,"Lyrical","B",303432.649000003,303.432649000003,5.05721081666672,40685
39,2,"Instrumental","B",225375.475000003,225.375475000003,3.75625791666672,41011
39,3,"Speech","B",251005.777999999,251.005777999999,4.18342963333331,41269
39,4,"Silence","B",302063.571000001,302.063571000001,5.03439285000002,41537
40,1,"Lyrical","B",210524.619,210.524619,3.50874365,32849
40,2,"Instrumental","B",129612.615,129.612615,2.16021025,33066
40,3,"Speech","B",141474.661,141.474661,2.35791101666667,33205
40,4,"Silence","B",164206.026,164.206026,2.7367671,33354
41,1,"Lyrical","B",178382.277000012,178.382277000012,2.9730379500002,32930
41,2,"Instrumental","B",186580.288000012,186.580288000012,3.10967146666687,33116
41,3,"Speech","B",188926.744,188.926744,3.14877906666667,33359
41,4,"Silence","B",180948.233000024,180.948233000024,3.01580388333373,33555
42,1,"Lyrical","B",167719.343999988,167.719343999988,2.7953223999998,33343
42,2,"Instrumental","B",153876.797999964,153.876797999964,2.5646132999994,33523
42,3,"Speech","B",145632.816999964,145.632816999964,2.42721361666607,33686
42,4,"Silence","B",156817.002000012,156.817002000012,2.6136167000002,33840
43,1,"Lyrical","B",277270.709,277.270709,4.62117848333333,33081
43,2,"Instrumental","B",243228.508999999,243.228508999999,4.05380848333332,33369
43,3,"Speech","B",250232.008999999,250.232008999999,4.17053348333333,33629
43,4,"Silence","B",235808.508999999,235.808508999999,3.93014181666666,33886
44,1,"Lyrical","B",163179.448999809,163.179448999809,2.71965748333015,29709
44,2,"Instrumental","B",159922.249999714,159.922249999714,2.66537083332857,29880
44,3,"Speech","B",157001.800999905,157.001800999905,2.61669668333174,30050
44,4,"Silence","B",169990.131999905,169.990131999905,2.83316886666508,30214
45,1,"Lyrical","B",179724.761999976,179.724761999976,2.9954126999996,49068
45,2,"Instrumental","B",157817.540000048,157.817540000048,2.63029233333413,49258
45,3,"Speech","B",183978.104999952,183.978104999952,3.06630174999921,49486
45,4,"Silence","B",177348.15,177.34815,2.9558025,49679
46,1,"Lyrical","B",189484.140999999,189.484140999999,3.15806901666664,49187
46,2,"Instrumental","B",163689.316999998,163.689316999998,2.7281552833333,49384
46,3,"Speech","B",159097.946999998,159.097946999998,2.65163244999996,49612
46,4,"Silence","B",161694.189999998,161.694189999998,2.69490316666663,49779
47,1,"Lyrical","B",274820.976000024,274.820976000024,4.5803496000004,49153
47,2,"Instrumental","B",236056.315000024,236.056315000024,3.93427191666706,49439
47,3,"Speech","B",212664.180999976,212.664180999976,3.54440301666627,49690
47,4,"Silence","B",226961.986999952,226.961986999952,3.78269978333254,49912
48,1,"Lyrical","B",160338.5,160.3385,2.67230833333333,49993
48,2,"Instrumental","B",144753.58,144.75358,2.41255966666667,50163
48,3,"Speech","B",142485.26,142.48526,2.37475433333333,50404
48,4,"Silence","B",157115.94,157.11594,2.618599,50563
49,1,"Lyrical","B",216354.54,216.35454,3.605909,58909
49,2,"Instrumental","B",167474.32,167.47432,2.79123866666667,59132
49,3,"Speech","B",150265.92,150.26592,2.504432,59308
49,4,"Silence","B",163917.56,163.91756,2.73195933333333,59464
50,1,"Lyrical","B",177230.791999964,177.230791999964,2.95384653333274,59139
50,2,"Instrumental","B",170765.531999952,170.765531999952,2.84609219999921,59325
50,3,"Speech","B",163718.616999964,163.718616999964,2.72864361666607,59508
50,4,"Silence","B",174363.576999976,174.363576999976,2.90605961666627,59681
51,1,"Lyrical","B",162110.446,162.110446,2.70184076666667,59426
51,2,"Instrumental","B",155283.119000003,155.283119000003,2.58805198333338,59596
51,3,"Speech","B",180493.667999997,180.493667999997,3.00822779999995,59854
51,4,"Silence","B",160020.589,160.020589,2.66700981666667,60041
52,1,"Lyrical","B",143395.24,143.39524,2.38992066666667,75005
52,2,"Instrumental","B",149203.54,149.20354,2.48672566666667,75157
52,3,"Speech","B",145355.92,145.35592,2.42259866666667,75324
52,4,"Silence","B",161332.7,161.3327,2.68887833333333,75475
53,1,"Instrumental","C",147502.32,147.50232,2.458372,46186
53,2,"Speech","C",157143.3,157.1433,2.619055,46342
53,3,"Silence","C",138124.02,138.12402,2.302067,46524
53,4,"Lyrical","C",147701.62,147.70162,2.46169366666667,46670
54,1,"Instrumental","C",136302.44,136.30244,2.27170733333333,46298
54,2,"Speech","C",138308.5,138.3085,2.30514166666667,46452
54,3,"Silence","C",123588.58,123.58858,2.05980966666667,46713
54,4,"Lyrical","C",126473.16,126.47316,2.107886,46861
55,1,"Instrumental","C",180699.742000048,180.699742000048,3.01166236666746,46240
55,2,"Speech","C",171053.953000048,171.053953000048,2.85089921666746,46431
55,3,"Silence","C",161061.684999952,161.061684999952,2.68436141666587,46619
55,4,"Lyrical","C",164774.883999952,164.774883999952,2.74624806666587,46788
56,1,"Instrumental","C",251530.946999999,251.530946999999,4.19218244999997,46068
56,2,"Speech","C",236869.610999999,236.869610999999,3.94782684999998,46331
56,3,"Silence","C",227599.156,227.599156,3.79331926666667,46584
56,4,"Lyrical","C",253959.688,253.959688,4.23266146666667,46827
57,1,"Instrumental","C",218132.225999988,218.132225999988,3.6355370999998,46763
57,2,"Speech","C",216050.828000012,216.050828000012,3.60084713333353,46993
57,3,"Silence","C",176216.460999994,176.216460999994,2.93694101666657,47252
57,4,"Lyrical","C",182645.270999988,182.645270999988,3.0440878499998,47436
58,1,"Instrumental","C",235562.337000072,235.562337000072,3.92603895000119,46882
58,2,"Speech","C",213137.666000072,213.137666000072,3.55229443333453,47128
58,3,"Silence","C",371867.580000072,371.867580000072,6.19779300000119,47356
58,4,"Lyrical","C",262128.816,262.128816,4.3688136,47746
59,1,"Instrumental","C",237973.716,237.973716,3.9662286,47380
59,2,"Speech","C",213723.527,213.723527,3.56205878333333,47628
59,3,"Silence","C",215602.781,215.602781,3.59337968333333,47853
59,4,"Lyrical","C",237015.308,237.015308,3.95025513333333,48076
60,1,"Instrumental","C",159446.543000001,159.446543000001,2.65744238333335,49346
60,2,"Speech","C",183804.072000001,183.804072000001,3.06340120000002,49515
60,3,"Silence","C",151451.100000001,151.451100000001,2.52418500000001,49763
60,4,"Lyrical","C",155128.029000001,155.128029000002,2.58546715000003,49924
61,1,"Instrumental","C",203298.972999988,203.298972999988,3.38831621666647,55194
61,2,"Speech","C",224220.687999988,224.220687999988,3.73701146666647,55406
61,3,"Silence","C",155577.797999994,155.577797999994,2.5929632999999,55645
61,4,"Lyrical","C",184560.768999994,184.560768999994,3.07601281666657,55808
62,1,"Instrumental","C",143147.899,143.147899,2.38579831666667,71540
62,2,"Speech","C",145717.020999952,145.717020999952,2.42861701666587,71691
62,3,"Silence","C",130683.687999905,130.683687999905,2.17806146666508,71848
62,4,"Lyrical","C",131434.298999976,131.434298999976,2.1905716499996,71986
63,1,"Instrumental","C",166544.193999905,166.544193999905,2.77573656666508,71652
63,2,"Speech","C",168591.026999952,168.591026999952,2.80985044999921,71826
63,3,"Silence","C",149517.692,149.517692,2.49196153333333,72007
63,4,"Lyrical","C",159680.803999952,159.680803999952,2.66134673333254,72164
64,1,"Instrumental","C",141790.197,141.790197,2.36316995,71895
64,2,"Speech","C",136837.058999905,136.837058999905,2.28061764999841,72044
64,3,"Silence","C",131669.560999976,131.669560999976,2.19449268333294,72279
64,4,"Lyrical","C",142377.602999929,142.377602999929,2.37296004999881,72416
65,1,"Instrumental","C",187504.916000048,187.504916000048,3.12508193333413,74087
65,2,"Speech","C",153744.911000024,153.744911000024,2.56241518333373,74282
65,3,"Silence","C",154221.918999976,154.221918999976,2.57036531666627,74451
65,4,"Lyrical","C",137599.318000048,137.599318000048,2.29332196666746,74611
66,1,"Instrumental","C",189455.861,189.455861,3.15759768333333,74595
66,2,"Speech","C",191639.240999976,191.639240999976,3.1939873499996,74792
66,3,"Silence","C",178018.437999952,178.018437999952,2.96697396666587,75009
66,4,"Lyrical","C",207211.145999928,207.211145999928,3.45351909999881,75194
67,1,"Instrumental","C",187105.6,187.1056,3.11842666666667,37016
67,2,"Speech","C",188236.04,188.23604,3.13726733333333,37210
67,3,"Silence","C",169857.86,169.85786,2.83096433333333,37420
67,4,"Lyrical","C",189064.48,189.06448,3.15107466666667,37605
68,1,"Instrumental","C",160807.014,160.807014,2.6801169,37441
68,2,"Speech","C",147547.613000048,147.547613000048,2.45912688333413,37609
68,3,"Silence","C",153572.398000024,153.572398000024,2.55953996666706,37770
68,4,"Lyrical","C",174627.774000048,174.627774000048,2.9104629000008,37930
69,1,"Instrumental","C",257694.129,257.694129,4.29490215,37145
69,2,"Speech","C",269292.131000095,269.292131000095,4.48820218333492,37411
69,3,"Silence","C",252084.454,252.084454,4.20140756666667,37700
69,4,"Lyrical","C",241829.143999952,241.829143999952,4.03048573333254,37957
70,1,"Instrumental","C",174200,174.2,2.90333333333333,38244
70,2,"Speech","C",158362,158.362,2.63936666666667,38432
70,3,"Silence","C",232926,232.926,3.8821,38660
70,4,"Lyrical","C",159552,159.552,2.6592,38901
71,1,"Instrumental","C",240678.818,240.678818,4.01131363333333,39872
71,2,"Speech","C",210994.508,210.994508,3.51657513333333,40119
71,3,"Silence","C",188302.783000001,188.302783000001,3.13837971666668,40361
71,4,"Lyrical","C",226136.549,226.136549,3.76894248333333,40556
72,1,"Instrumental","C",243971.552,243.971552,4.06619253333333,39873
72,2,"Speech","C",214003.587999976,214.003587999976,3.56672646666627,40127
72,3,"Silence","C",212028.796999976,212.028796999976,3.53381328333294,40441
72,4,"Lyrical","C",220799.357000024,220.799357000024,3.67998928333373,40669
73,1,"Instrumental","C",189680.608999905,189.680608999905,3.16134348333174,40050
73,2,"Speech","C",200614.757999928,200.614757999928,3.34357929999881,40249
73,3,"Silence","C",174386.272999905,174.386272999905,2.90643788333174,40461
73,4,"Lyrical","C",183103.050999928,183.103050999928,3.05171751666547,40643
74,1,"Instrumental","C",156440.48,156.44048,2.60734133333333,40597
74,2,"Speech","C",146898.82,146.89882,2.44831366666667,40760
74,3,"Silence","C",141795.98,141.79598,2.36326633333333,40969
74,4,"Lyrical","C",148475.58,148.47558,2.474593,41117
75,1,"Instrumental","C",147517.542,147.517542,2.4586257,40348
75,2,"Speech","C",131403.596999994,131.403596999994,2.1900599499999,40503
75,3,"Silence","C",117615.111000006,117.615111000006,1.9602518500001,40644
75,4,"Lyrical","C",121456.103999997,121.456103999997,2.02426839999995,40768
76,1,"Instrumental","C",188822.692999905,188.822692999905,3.14704488333174,40698
76,2,"Speech","C",189048.188,189.048188,3.15080313333333,40896
76,3,"Silence","C",225025.520999952,225.025520999952,3.75042534999921,41134
76,4,"Lyrical","C",181231.978,181.231978,3.02053296666667,41368
77,1,"Instrumental","C",196704.843999857,196.704843999857,3.27841406666428,40794
77,2,"Speech","C",174116.630000048,174.116630000048,2.90194383333413,41000
77,3,"Silence","C",154810.834999857,154.810834999857,2.58018058333095,41273
77,4,"Lyrical","C",158222.485999905,158.222485999905,2.63704143333174,41435
78,1,"Instrumental","C",185675.573,185.675573,3.09459288333334,41817
78,2,"Speech","C",177513.317,177.513317,2.95855528333334,42012
78,3,"Silence","C",177601.333,177.601333,2.96002221666667,42221
78,4,"Lyrical","C",184135.237,184.135237,3.06892061666667,42406
79,1,"Speech","D",175646.333000024,175.646333000024,2.92743888333373,35216
79,2,"Silence","D",164604.523,164.604523,2.74340871666667,35401
79,3,"Lyrical","D",164160.769000095,164.160769000095,2.73601281666826,35619
79,4,"Instrumental","D",161991.856000024,161.991856000024,2.69986426666706,35790
80,1,"Speech","D",207958.034,207.958034,3.46596723333333,35193
80,2,"Silence","D",197377.479,197.377479,3.28962465,35411
80,3,"Lyrical","D",173397.401,173.397401,2.88995668333334,35621
80,4,"Instrumental","D",174657.47,174.65747,2.91095783333333,35802
81,1,"Speech","D",182131,182.131,3.03551666666667,35415
81,2,"Silence","D",161910,161.91,2.6985,35610
81,3,"Lyrical","D",156669,156.669,2.61115,35782
81,4,"Instrumental","D",168635,168.635,2.81058333333333,35945
82,1,"Speech","D",206235.011000006,206.235011000006,3.43725018333343,35317
82,2,"Silence","D",169019.936999997,169.019936999997,2.81699894999995,35534
82,3,"Lyrical","D",184304.043000003,184.304043000003,3.07173405000005,35731
82,4,"Instrumental","D",188962.369,188.962369,3.14937281666667,35923
83,1,"Speech","D",202245.720999988,202.245720999988,3.37076201666647,35480
83,2,"Silence","D",190156.040999994,190.156040999994,3.1692673499999,35692
83,3,"Lyrical","D",174871.323000006,174.871323000006,2.9145220500001,35920
83,4,"Instrumental","D",183406.073000006,183.406073000006,3.05676788333343,36101
84,1,"Speech","D",261970.684,261.970684,4.36617806666667,35352
84,2,"Silence","D",243612.652,243.612652,4.06021086666667,35628
84,3,"Lyrical","D",252037.107,252.037107,4.20061845,35890
84,4,"Instrumental","D",249569.871,249.569871,4.15949785,36150
85,1,"Speech","D",184704.234,184.704234,3.0784039,35782
85,2,"Silence","D",179419.412999952,179.419412999952,2.99032354999921,35982
85,3,"Lyrical","D",171255.656999952,171.255656999952,2.8542609499992,36178
85,4,"Instrumental","D",181483.269000048,181.483269000048,3.02472115000079,36358
86,1,"Speech","D",175870.7,175.8707,2.93117833333333,36104
86,2,"Silence","D",149122.44,149.12244,2.485374,36287
86,3,"Lyrical","D",141311.06,141.31106,2.35518433333333,36448
86,4,"Instrumental","D",169251.02,169.25102,2.82085033333333,36598
87,1,"Speech","D",184355.175999999,184.355175999999,3.07258626666664,37975
87,2,"Silence","D",171751.339000001,171.751339000001,2.86252231666669,38166
87,3,"Lyrical","D",158109.465000003,158.109465000003,2.63515775000005,38434
87,4,"Instrumental","D",146345.900000003,146.345900000003,2.43909833333338,38599
88,1,"Speech","D",182600.223,182.600223,3.04333705,38060
88,2,"Silence","D",156367.722,156.367722,2.6061287,38251
88,3,"Lyrical","D",151821.399,151.821399,2.53035665,38419
88,4,"Instrumental","D",157195.232,157.195232,2.61992053333333,38578
89,1,"Speech","D",208309.113,208.309113,3.47181855,38148
89,2,"Silence","D",200386.312000095,200.386312000095,3.33977186666826,38367
89,3,"Lyrical","D",192424.395000024,192.424395000024,3.2070732500004,38580
89,4,"Instrumental","D",192567.861000072,192.567861000072,3.20946435000119,38779
90,1,"Speech","D",189786.462,189.786462,3.1631077,38241
90,2,"Silence","D",164480.912,164.480912,2.74134853333333,38441
90,3,"Lyrical","D",197130.171999976,197.130171999976,3.28550286666627,38649
90,4,"Instrumental","D",183098.503000024,183.098503000024,3.05164171666706,38854
91,1,"Speech","D",155108.923,155.108923,2.58514871666667,40771
91,2,"Silence","D",142658.31,142.65831,2.3776385,40933
91,3,"Lyrical","D",134241.715,134.241715,2.23736191666667,41095
91,4,"Instrumental","D",144591.694000191,144.591694000191,2.40986156666985,41235
92,1,"Speech","D",222591.024,222.591024,3.7098504,41053
92,2,"Silence","D",195452.631,195.452631,3.25754385,41292
92,3,"Lyrical","D",196637.105999428,196.637105999428,3.27728509999046,41501
92,4,"Instrumental","D",199362.112999619,199.362112999619,3.32270188332698,41706
93,1,"Speech","D",173056.87,173.05687,2.88428116666667,41944
93,2,"Silence","D",155631.204,155.631204,2.5938534,42127
93,3,"Lyrical","D",148153.171,148.153171,2.46921951666667,42297
93,4,"Instrumental","D",159638.801,159.638801,2.66064668333333,42452
94,1,"Speech","D",356468.723000048,356.468723000048,5.94114538333413,42283
94,2,"Silence","D",320846.637,320.846637,5.34744395,42657
94,3,"Lyrical","D",298198.209999905,298.198209999905,4.96997016666508,43000
94,4,"Instrumental","D",312145.354999857,312.145354999857,5.20242258333095,43312
95,1,"Speech","D",169676.871000018,169.676871000018,2.8279478500003,45373
95,2,"Silence","D",165579.449000012,165.579449000012,2.75965748333353,45551
95,3,"Lyrical","D",162446.743000012,162.446743000012,2.70744571666686,45767
95,4,"Instrumental","D",168272.009,168.272009,2.80453348333333,45936
96,1,"Speech","D",232891.516000024,232.891516000024,3.88152526666706,42427
96,2,"Silence","D",202960.991000048,202.960991000048,3.38268318333413,42678
96,3,"Lyrical","D",186860.539000048,186.860539000048,3.11434231666746,42921
96,4,"Instrumental","D",207714.164000024,207.714164000024,3.46190273333373,43122
97,1,"Speech","D",187271.441000095,187.271441000095,3.12119068333492,42995
97,2,"Silence","D",177939.810999714,177.939810999714,2.9656635166619,43191
97,3,"Lyrical","D",162006.815000095,162.006815000095,2.70011358333492,43383
97,4,"Instrumental","D",163505.131,163.505131,2.72508551666667,43561
98,1,"Speech","D",238911.584999976,238.911584999976,3.9818597499996,42747
98,2,"Silence","D",206473.457999976,206.473457999976,3.4412242999996,42994
98,3,"Lyrical","D",244068.599999905,244.068599999905,4.06780999999841,43213
98,4,"Instrumental","D",195223.803999952,195.223803999952,3.25373006666587,43464
99,1,"Speech","D",194424.589,194.424589,3.24040981666666,43627
99,2,"Silence","D",178034.267,178.034267,2.96723778333333,43835
99,3,"Lyrical","D",181700.63,181.70063,3.02834383333333,44115
99,4,"Instrumental","D",209720.224,209.720224,3.49533706666667,44307
100,1,"Speech","D",173582.623000001,173.582623000001,2.89304371666668,39136
100,2,"Silence","D",161906.848,161.906848,2.69844746666667,39318
100,3,"Lyrical","D",151928.832,151.928832,2.5321472,39496
100,4,"Instrumental","D",137443.379,137.443379,2.29072298333333,39656
101,1,"Speech","D",192293.86,192.29386,3.20489766666667,39374
101,2,"Silence","D",173021.66,173.02166,2.88369433333333,39575
101,3,"Lyrical","D",165061.32,165.06132,2.751022,39761
101,4,"Instrumental","D",167954.72,167.95472,2.79924533333333,39932
102,1,"Speech","D",189933,189.933,3.16555,49912
102,2,"Silence","D",189939,189.939,3.16565,50108
102,3,"Lyrical","D",194493,194.493,3.24155,50395
102,4,"Instrumental","D",207619,207.619,3.46031666666667,50596
103,1,"Speech","D",245463.02,245.46302,4.09105033333333,50115
103,2,"Silence","D",180051.06,180.05106,3.000851,50376
103,3,"Lyrical","D",161575.74,161.57574,2.692929,50582
103,4,"Instrumental","D",180234.94,180.23494,3.00391566666667,50752
104,1,"Speech","D",149720.14,149.72014,2.49533566666667,50755
104,2,"Silence","D",138690.96,138.69096,2.311516,50914
104,3,"Lyrical","D",139066.28,139.06628,2.31777133333333,51133
104,4,"Instrumental","D",139222.16,139.22216,2.32036933333333,51279
105,1,"Silence","E",157260.087,157.260087,2.62100145,39429
105,2,"Lyrical","E",158119.228,158.119228,2.63532046666667,39596
105,3,"Instrumental","E",141567.949,141.567949,2.35946581666667,39812
105,4,"Speech","E",162940.084,162.940084,2.71566806666666,39960
106,1,"Silence","E",199525.924,199.525924,3.32543206666666,40700
106,2,"Lyrical","E",182019.155,182.019155,3.03365258333333,40906
106,3,"Instrumental","E",179494.973,179.494973,2.99158288333333,41123
106,4,"Speech","E",183706.488,183.706488,3.06177479999999,41309
107,1,"Silence","E",134549.111999809,134.549111999809,2.24248519999682,41944
107,2,"Lyrical","E",155065.631999809,155.065631999809,2.58442719999682,42085
107,3,"Instrumental","E",131488.347,131.488347,2.19147245,42250
107,4,"Speech","E",134941.660999905,134.941660999905,2.24902768333174,42387
108,1,"Silence","E",209559.636999999,209.559636999999,3.49266061666665,42288
108,2,"Lyrical","E",228147.757,228.147757,3.80246261666666,42506
108,3,"Instrumental","E",182175.255,182.175255,3.03625425,42829
108,4,"Speech","E",193950.265,193.950265,3.23250441666667,43022
109,1,"Silence","E",185530.868000072,185.530868000072,3.09218113333453,47172
109,2,"Lyrical","E",173983.111000072,173.983111000072,2.89971851666786,47365
109,3,"Instrumental","E",156641.283000095,156.641283000095,2.61068805000159,47638
109,4,"Speech","E",174649.216000071,174.649216000072,2.91082026666786,47801
110,1,"Silence","E",158575.423,158.575423,2.64292371666667,35182
110,2,"Lyrical","E",151707.290999997,151.707290999997,2.52845484999995,35347
110,3,"Instrumental","E",147047.086999994,147.047086999994,2.45078478333323,35509
110,4,"Speech","E",163636.168999998,163.636168999998,2.72726948333331,35661
111,1,"Silence","E",184847.4,184.8474,3.08079,35186
111,2,"Lyrical","E",177634.44,177.63444,2.960574,35385
111,3,"Instrumental","E",172284.38,172.28438,2.87140633333333,35593
111,4,"Speech","E",188913.08,188.91308,3.14855133333333,35775
112,1,"Silence","E",189270.92,189.27092,3.15451533333333,35324
112,2,"Lyrical","E",203659.64,203.65964,3.39432733333333,35521
112,3,"Instrumental","E",188549.86,188.54986,3.14249766666667,35736
112,4,"Speech","E",187669.78,187.66978,3.12782966666667,35931
113,1,"Silence","E",231879.830000003,231.879830000003,3.86466383333338,35216
113,2,"Lyrical","E",214853.895999991,214.853895999991,3.58089826666652,35460
113,3,"Instrumental","E",182686.592999991,182.686592999991,3.04477654999985,35708
113,4,"Speech","E",202144.815000003,202.144815000003,3.36908025000005,35897
114,1,"Silence","E",180021.96,180.02196,3.000366,35655
114,2,"Lyrical","E",168551.18,168.55118,2.80918633333333,35843
114,3,"Instrumental","E",149493.1,149.4931,2.49155166666667,36020
114,4,"Speech","E",180178.22,180.17822,3.00297033333333,36174
115,1,"Silence","E",178272.28,178.27228,2.97120466666667,37125
115,2,"Lyrical","E",161117.8,161.1178,2.68529666666667,37313
115,3,"Instrumental","E",163383.02,163.38302,2.72305033333333,37485
115,4,"Speech","E",174605.68,174.60568,2.91009466666667,37657
116,1,"Silence","E",212681.996999988,212.681996999988,3.5446999499998,37149
116,2,"Lyrical","E",193248.519999994,193.248519999994,3.22080866666657,37376
116,3,"Instrumental","E",195573.21,195.57321,3.2595535,37579
116,4,"Speech","E",203689.773999994,203.689773999994,3.39482956666657,37781
117,1,"Silence","E",170208.634,170.208634,2.83681056666667,37302
117,2,"Lyrical","E",159684.496,159.684496,2.66140826666667,37482
117,3,"Instrumental","E",146024.216,146.024216,2.43373693333333,37658
117,4,"Speech","E",145282.706,145.282706,2.42137843333333,37812
118,1,"Silence","E",191901.891999988,191.901891999988,3.19836486666647,37151
118,2,"Lyrical","E",173402.888,173.402888,2.89004813333333,37355
118,3,"Instrumental","E",169386.106,169.386106,2.82310176666667,37598
118,4,"Speech","E",184913.186,184.913186,3.08188643333333,37774
119,1,"Silence","E",232474.196999976,232.474196999976,3.8745699499996,37510
119,2,"Lyrical","E",203059.026999988,203.059026999988,3.38431711666647,37753
119,3,"Instrumental","E",191957.576999952,191.957576999952,3.19929294999921,37983
119,4,"Speech","E",205845.880999952,205.845880999952,3.43076468333254,38181
120,1,"Silence","E",188672.676,188.672676,3.14454460000001,39515
120,2,"Lyrical","E",180687.219,180.687219,3.01145365,39715
120,3,"Instrumental","E",189585.076,189.585076,3.15975126666667,39913
120,4,"Speech","E",205773.674000001,205.773674000001,3.42956123333334,40112
121,1,"Silence","E",228225.138000024,228.225138000024,3.8037523000004,39571
121,2,"Lyrical","E",188645.585000012,188.645585000012,3.14409308333353,39810
121,3,"Instrumental","E",213713.938000024,213.713938000024,3.56189896666706,40096
121,4,"Speech","E",235989.285,235.989285,3.93315475,40320
122,1,"Silence","E",211159.52,211.15952,3.51932533333333,39534
122,2,"Lyrical","E",199211.76,199.21176,3.320196,39778
122,3,"Instrumental","E",207810.08,207.81008,3.46350133333333,40094
122,4,"Speech","E",298732.42,298.73242,4.97887366666667,40334
123,1,"Silence","E",176915.855,176.915855,2.94859758333333,39891
123,2,"Lyrical","E",169698.781,169.698781,2.82831301666666,40079
123,3,"Instrumental","E",156770.496999999,156.770496999999,2.61284161666665,40335
123,4,"Speech","E",149070.279,149.070279,2.48450465,40502
124,1,"Silence","E",156462.356000072,156.462356000072,2.60770593333453,40721
124,2,"Lyrical","E",154135.457,154.135457,2.56892428333333,40886
124,3,"Instrumental","E",140194.195,140.194195,2.33656991666667,41048
124,4,"Speech","E",139591.951000095,139.591951000095,2.32653251666826,41194
125,1,"Silence","E",222053.920000024,222.053920000024,3.70089866666706,52946
125,2,"Lyrical","E",200210.359000024,200.210359000024,3.33683931666706,53178
125,3,"Instrumental","E",202736.537000024,202.736537000024,3.37894228333373,53476
125,4,"Speech","E",241543.116000024,241.543116000024,4.0257186000004,53686
126,1,"Silence","E",175565.351999809,175.565351999809,2.92608919999682,54110
126,2,"Lyrical","E",182716.185999714,182.716185999714,3.0452697666619,54295
126,3,"Instrumental","E",198759.042999809,198.759042999809,3.31265071666349,54577
126,4,"Speech","E",191943.970999714,191.943970999714,3.19906618332856,54785
127,1,"Silence","E",179289.209,179.289209,2.98815348333334,76752
127,2,"Lyrical","E",192415.506,192.415506,3.2069251,76939
127,3,"Instrumental","E",194083.956,194.083956,3.2347326,77202
127,4,"Speech","E",170925.578,170.925578,2.84875963333333,77403
128,1,"Silence","E",215161.930000002,215.161930000002,3.5860321666667,77108
128,2,"Lyrical","E",196951.135000001,196.951135000001,3.28251891666669,77348
128,3,"Instrumental","E",183245.015000003,183.245015000003,3.05408358333338,77578
128,4,"Speech","E",187165.872000001,187.165872000001,3.11943120000001,77768
129,1,"Silence","E",231937.518,231.937518,3.86562529999999,76814
129,2,"Lyrical","E",220796.337,220.796337,3.67993895,77063
129,3,"Instrumental","E",202410.443,202.410443,3.37350738333333,77385
129,4,"Speech","E",221600.475,221.600475,3.69334125,77600
130,1,"Silence","E",212144.095,212.144095,3.53573491666667,77956
130,2,"Lyrical","E",198458.754,198.458754,3.3076459,78179
130,3,"Instrumental","E",200010.025,200.010025,3.33350041666667,78412
130,4,"Speech","E",209008.43,209.00843,3.48347383333333,78619
131,1,"Lyrical","F",155684.183,155.684183,2.59473638333333,38039
131,2,"Instrumental","F",155636.388000024,155.636388000024,2.5939398000004,38201
131,3,"Speech","F",151042.377000012,151.042377000012,2.5173729500002,38366
131,4,"Silence","F",146922.437,146.922437,2.44870728333333,38522
132,1,"Lyrical","F",168550.558999994,168.550558999994,2.80917598333323,38098
132,2,"Instrumental","F",155655.443999988,155.655443999988,2.5942573999998,38273
132,3,"Speech","F",148545.211999994,148.545211999994,2.47575353333323,38438
132,4,"Silence","F",156219.006000012,156.219006000012,2.6036501000002,38591
133,1,"Lyrical","F",156112.281,156.112281,2.60187135,38315
133,2,"Instrumental","F",156928.886,156.928886,2.61548143333333,38481
133,3,"Speech","F",148687.361,148.687361,2.47812268333333,38648
133,4,"Silence","F",166962.806,166.962806,2.78271343333333,38804
134,1,"Lyrical","F",133066.884999905,133.066884999905,2.21778141666508,38911
134,2,"Instrumental","F",138375.385999905,138.375385999905,2.30625643333174,39051
134,3,"Speech","F",136864.035,136.864035,2.28106725,39273
134,4,"Silence","F",129444.745,129.444745,2.15741241666667,39417
135,1,"Lyrical","F",214891.52,214.89152,3.58152533333333,38645
135,2,"Instrumental","F",237816.62,237.81662,3.96361033333333,38869
135,3,"Speech","F",207741.56,207.74156,3.46235933333333,39185
135,4,"Silence","F",196142.12,196.14212,3.26903533333333,39408
136,1,"Lyrical","F",179753.64,179.75364,2.995894,40786
136,2,"Instrumental","F",179644.8,179.6448,2.99408,40974
136,3,"Speech","F",164994.42,164.99442,2.749907,41169
136,4,"Silence","F",160402.5,160.4025,2.673375,41343
137,1,"Lyrical","F",235410.18,235.41018,3.923503,40713
137,2,"Instrumental","F",203382.02,203.38202,3.38970033333333,40958
137,3,"Speech","F",212912.64,212.91264,3.548544,41202
137,4,"Silence","F",223732.3,223.7323,3.72887166666667,41423
138,1,"Lyrical","F",294649.465000048,294.649465000048,4.91082441666746,40721
138,2,"Instrumental","F",222962.481000048,222.962481000048,3.71604135000079,41027
138,3,"Speech","F",216379.197000048,216.379197000048,3.60631995000079,41350
138,4,"Silence","F",232322.432999905,232.322432999905,3.87204054999841,41575
139,1,"Lyrical","F",154597.574,154.597574,2.57662623333333,41212
139,2,"Instrumental","F",142496.758,142.496758,2.37494596666666,41374
139,3,"Speech","F",165712.592,165.712592,2.76187653333333,41530
139,4,"Silence","F",157719.836,157.719836,2.62866393333334,41702
140,1,"Lyrical","F",176335.949,176.335949,2.93893248333333,45606
140,2,"Instrumental","F",159013.720000024,159.013720000024,2.65022866666706,45794
140,3,"Speech","F",150636.997999976,150.636997999976,2.51061663333294,45965
140,4,"Silence","F",162927.386999952,162.927386999952,2.71545644999921,46123
141,1,"Lyrical","F",212893.697,212.893697,3.54822828333333,45735
141,2,"Instrumental","F",195472.406,195.472406,3.25787343333333,45957
141,3,"Speech","F",196259.208,196.259208,3.2709868,46250
141,4,"Silence","F",203296.995,203.296995,3.38828325,46456
142,1,"Lyrical","F",200963.88,200.96388,3.349398,45931
142,2,"Instrumental","F",189435.98,189.43598,3.15726633333333,46141
142,3,"Speech","F",194743.1,194.7431,3.24571833333333,46341
142,4,"Silence","F",178513.76,178.51376,2.97522933333333,46543
143,1,"Lyrical","F",309618.46,309.61846,5.16030766666667,45687
143,2,"Instrumental","F",221501.64,221.50164,3.691694,46005
143,3,"Speech","F",222619.66,222.61966,3.71032766666667,46262
143,4,"Silence","F",267854.42,267.85442,4.46424033333333,46493
144,1,"Lyrical","F",169032.720999952,169.032720999952,2.81721201666587,48612
144,2,"Instrumental","F",163537.248,163.537248,2.7256208,48790
144,3,"Speech","F",160653.841999952,160.653841999952,2.67756403333254,48962
144,4,"Silence","F",176784.691999964,176.784691999964,2.94641153333274,49127
145,1,"Lyrical","F",218459.480999976,218.459480999976,3.6409913499996,48557
145,2,"Instrumental","F",133275.145000012,133.275145000012,2.22125241666686,48785
145,3,"Speech","F",139504.034999976,139.504034999976,2.3250672499996,48927
145,4,"Silence","F",146387.439000012,146.387439000012,2.4397906500002,49074
146,1,"Lyrical","F",141630.228000095,141.630228000095,2.36050380000159,49177
146,2,"Instrumental","F",140160.438000048,140.160438000048,2.33600730000079,49327
146,3,"Speech","F",141548.473999905,141.548473999905,2.35914123333174,49481
146,4,"Silence","F",126160.227,126.160227,2.10267045,49630
147,1,"Lyrical","F",204115.600999997,204.115600999997,3.40192668333328,49039
147,2,"Instrumental","F",188877.956999991,188.877956999991,3.14796594999985,49251
147,3,"Speech","F",184783.451999988,184.783451999988,3.0797241999998,49448
147,4,"Silence","F",179583.956999988,179.583956999988,2.9930659499998,49638
148,1,"Lyrical","F",194768.009999976,194.768009999976,3.2461334999996,53793
148,2,"Instrumental","F",179913.061,179.913061,2.99855101666667,53994
148,3,"Speech","F",169292.737999952,169.292737999952,2.82154563333254,54183
148,4,"Silence","F",179078.703999976,179.078703999976,2.98464506666627,54361
149,1,"Lyrical","F",194444.912999991,194.444912999991,3.24074854999985,54499
149,2,"Instrumental","F",177272.807,177.272807,2.95454678333333,54700
149,3,"Speech","F",150370.971,150.370971,2.50618285,54892
149,4,"Silence","F",160769.067999991,160.769067999991,2.67948446666652,55048
150,1,"Lyrical","F",197328.824000048,197.328824000048,3.28881373333413,55345
150,2,"Instrumental","F",199110.782000143,199.110782000143,3.31851303333572,55552
150,3,"Speech","F",180704.752000048,180.704752000048,3.01174586666746,55768
150,4,"Silence","F",166812.627,166.812627,2.78021045,55958
151,1,"Lyrical","F",185898.310000001,185.898310000001,3.09830516666669,56222
151,2,"Instrumental","F",187582.85,187.58285,3.12638083333333,56415
151,3,"Speech","F",173333.270999999,173.333270999999,2.88888784999998,56614
151,4,"Silence","F",183048.788999998,183.048788999998,3.05081314999997,56794
152,1,"Lyrical","F",139502.885,139.502885,2.32504808333333,55924
152,2,"Instrumental","F",118652.137000004,118.652137000004,1.97753561666674,56077
152,3,"Speech","F",123358.485,123.358485,2.05597475,56216
152,4,"Silence","F",131603.615999999,131.603615999999,2.19339359999998,56344
153,1,"Lyrical","F",162467.347999976,162.467347999976,2.70778913333294,56121
153,2,"Instrumental","F",149612.480999976,149.612480999976,2.4935413499996,56291
153,3,"Speech","F",138600.503999952,138.600503999952,2.31000839999921,56454
153,4,"Silence","F",143703.245999928,143.703245999928,2.39505409999881,56599
154,1,"Lyrical","F",172668.792000006,172.668792000006,2.8778132000001,56091
154,2,"Instrumental","F",176584.785000018,176.584785000018,2.9430797500003,56271
154,3,"Speech","F",162374.886000006,162.374886000006,2.7062481000001,56522
154,4,"Silence","F",168352.908000018,168.352908000018,2.8058818000003,56690
155,1,"Lyrical","F",197438.636,197.438636,3.29064393333333,56091
155,2,"Instrumental","F",174779.153000095,174.779153000095,2.91298588333492,56296
155,3,"Speech","F",176719.003999905,176.719003999905,2.94531673333174,56480
155,4,"Silence","F",170626.902999952,170.626902999952,2.84378171666587,56662
156,1,"Lyrical","F",198934.78,198.93478,3.31557966666667,58166
156,2,"Instrumental","F",187301.08,187.30108,3.12168466666667,58380
156,3,"Speech","F",196977.12,196.97712,3.282952,58605
156,4,"Silence","F",184900.4,184.9004,3.08167333333333,58809
157,1,"Instrumental","G",180076.242999952,180.076242999952,3.00127071666587,42273
157,2,"Speech","G",160159.232999988,160.159232999988,2.6693205499998,42466
157,3,"Silence","G",150605.185,150.605185,2.51008641666667,42639
157,4,"Lyrical","G",160994.537999988,160.994537999988,2.6832422999998,42795
158,1,"Instrumental","G",204108.748000024,204.108748000024,3.40181246666706,42465
158,2,"Speech","G",180208.21,180.20821,3.00347016666667,42685
158,3,"Silence","G",174108.365999976,174.108365999976,2.9018060999996,42976
158,4,"Lyrical","G",173674.967999976,173.674967999976,2.8945827999996,43159
159,1,"Instrumental","G",211398.624000024,211.398624000024,3.5233104000004,42456
159,2,"Speech","G",197745.265,197.745265,3.29575441666667,42675
159,3,"Silence","G",198741.866000048,198.741866000048,3.31236443333413,42883
159,4,"Lyrical","G",201450.888000048,201.450888000048,3.35751480000079,43087
160,1,"Instrumental","G",185643.472999809,185.643472999809,3.09405788333015,43640
160,2,"Speech","G",192355.284999952,192.355284999952,3.20592141666587,43832
160,3,"Silence","G",176923.503999857,176.923503999857,2.94872506666428,44114
160,4,"Lyrical","G",169769.617999809,169.769617999809,2.82949363333015,44297
161,1,"Instrumental","G",207014,207.014,3.45023333333333,45843
161,2,"Speech","G",199992,199.992,3.3332,46062
161,3,"Silence","G",189277,189.277,3.15461666666667,46275
161,4,"Lyrical","G",211203,211.203,3.52005,46471
162,1,"Instrumental","G",234410.200000006,234.410200000006,3.90683666666677,49971
162,2,"Speech","G",215707.864000006,215.707864000006,3.59513106666677,50219
162,3,"Silence","G",210934.113000003,210.934113000003,3.51556855000005,50447
162,4,"Lyrical","G",200290.943000003,200.290943000003,3.33818238333338,50671
163,1,"Instrumental","G",204415.693999905,204.415693999905,3.40692823333174,50059
163,2,"Speech","G",195349.984999905,195.349984999905,3.25583308333174,50273
163,3,"Silence","G",189567.898,189.567898,3.15946496666667,50492
163,4,"Lyrical","G",195029.682999905,195.029682999905,3.25049471666508,50689
164,1,"Instrumental","G",205563.403000003,205.563403000003,3.42605671666672,49993
164,2,"Speech","G",221944.335,221.944335,3.69907225,50208
164,3,"Silence","G",183148.043000001,183.148043000001,3.05246738333335,50530
164,4,"Lyrical","G",189991.603000002,189.991603000002,3.1665267166667,50720
165,1,"Instrumental","G",191294.52,191.29452,3.188242,50146
165,2,"Speech","G",198062.861999964,198.062861999964,3.3010476999994,50345
165,3,"Silence","G",181711.622999988,181.711622999988,3.0285270499998,50554
165,4,"Lyrical","G",206399.737000012,206.399737000012,3.43999561666687,50740
166,1,"Instrumental","G",182649.758,182.649758,3.04416263333333,55244
166,2,"Speech","G",165560.903000048,165.560903000048,2.75934838333413,55432
166,3,"Silence","G",154192.324000095,154.192324000095,2.56987206666826,55663
166,4,"Lyrical","G",195505.198,195.505198,3.25841996666667,55823
167,1,"Instrumental","G",196008.661000012,196.008661000012,3.26681101666687,55117
167,2,"Speech","G",171595.947000012,171.595947000012,2.8599324500002,55324
167,3,"Silence","G",171781.508,171.781508,2.86302513333333,55586
167,4,"Lyrical","G",172786.107999988,172.786107999988,2.87976846666647,55768
168,1,"Instrumental","G",224557.189,224.557189,3.74261981666667,55523
168,2,"Speech","G",219496.983,219.496983,3.65828305,55757
168,3,"Silence","G",199950.607,199.950607,3.33251011666667,55992
168,4,"Lyrical","G",221260.819,221.260819,3.68768031666666,56198
169,1,"Instrumental","G",271245.119000191,271.245119000191,4.52075198333651,55817
169,2,"Speech","G",160210.464000191,160.210464000191,2.67017440000318,56109
169,3,"Silence","G",261162.266000143,261.162266000143,4.35270443333572,56377
169,4,"Lyrical","G",167592.986000048,167.592986000048,2.79321643333413,56659
170,1,"Instrumental","G",180260.876000006,180.260876000006,3.00434793333343,58884
170,2,"Speech","G",188757.267000003,188.757267000003,3.14595445000005,59076
170,3,"Silence","G",160321.799,160.321799,2.67202998333333,59274
170,4,"Lyrical","G",198722.122000003,198.722122000003,3.31203536666672,59443
171,1,"Instrumental","G",149232.732,149.232732,2.48721219999999,59060
171,2,"Speech","G",151917.944999999,151.917944999999,2.53196574999999,59217
171,3,"Silence","G",145885.941,145.885941,2.43143234999999,59468
171,4,"Lyrical","G",179832.713,179.832713,2.99721188333334,59621
172,1,"Instrumental","G",194353.519999988,194.353519999988,3.23922533333314,59392
172,2,"Speech","G",171789.726999976,171.789726999976,2.86316211666627,59595
172,3,"Silence","G",179068.590000012,179.068590000012,2.9844765000002,59864
172,4,"Lyrical","G",161834.445999976,161.834445999976,2.69724076666627,60052
173,1,"Instrumental","G",179059.5,179.0595,2.984325,59539
173,2,"Speech","G",183042.68,183.04268,3.05071133333333,59732
173,3,"Silence","G",177290.16,177.29016,2.954836,60017
173,4,"Lyrical","G",310741.22,310.74122,5.17902033333333,60229
174,1,"Instrumental","G",167033.528,167.033528,2.78389213333333,62309
174,2,"Speech","G",155753.382,155.753382,2.5958897,62487
174,3,"Silence","G",160248.325,160.248325,2.67080541666666,62653
174,4,"Lyrical","G",162335.008,162.335008,2.70558346666667,62825
175,1,"Instrumental","G",243037.329000024,243.037329000024,4.0506221500004,62730
175,2,"Speech","G",229582.641000048,229.582641000048,3.82637735000079,62994
175,3,"Silence","G",248187.886000072,248.187886000072,4.13646476666786,63325
175,4,"Lyrical","G",242411.819000072,242.411819000072,4.04019698333453,63590
176,1,"Instrumental","G",176826.104000009,176.826104000009,2.94710173333348,63866
176,2,"Speech","G",171867.015000012,171.867015000012,2.8644502500002,64050
176,3,"Silence","G",172653.424000009,172.653424000009,2.87755706666682,64230
176,4,"Lyrical","G",170122.86,170.12286,2.835381,64408
177,1,"Instrumental","G",200890.781000048,200.890781000048,3.34817968333413,73606
177,2,"Speech","G",178374.077999905,178.374077999905,2.97290129999841,73822
177,3,"Silence","G",177619.687999857,177.619687999857,2.96032813333095,74016
177,4,"Lyrical","G",180726.834999905,180.726834999905,3.01211391666508,74204
178,1,"Instrumental","G",241639.847,241.639847,4.02733078333333,73768
178,2,"Speech","G",240147.123000048,240.147123000048,4.00245205000079,74026
178,3,"Silence","G",237925.901000036,237.925901000036,3.96543168333393,74308
178,4,"Lyrical","G",250189.495000024,250.189495000024,4.16982491666706,74553
179,1,"Instrumental","G",238394.065,238.394065,3.97323441666667,73945
179,2,"Speech","G",204431.535,204.431535,3.40719225,74196
179,3,"Silence","G",192384.651,192.384651,3.20641085,74419
179,4,"Lyrical","G",204455.762000012,204.455762000012,3.40759603333353,74621
180,1,"Instrumental","G",235897.196000006,235.897196000006,3.93161993333343,61559
180,2,"Speech","G",235886.727,235.886727,3.93144545,61803
180,3,"Silence","G",196448.110000012,196.448110000012,3.27413516666687,62138
180,4,"Lyrical","G",208089.273000012,208.089273000012,3.4681545500002,62342
181,1,"Instrumental","G",161959.998999905,161.959998999905,2.69933331666508,63079
181,2,"Speech","G",134556.700999809,134.556700999809,2.24261168333015,63249
181,3,"Silence","G",133392.934999857,133.392934999857,2.22321558333095,63411
181,4,"Lyrical","G",141598.641999809,141.598641999809,2.35997736666349,63551
182,1,"Instrumental","G",212046.294,212.046294,3.5341049,33674
182,2,"Speech","G",189847.303,189.847303,3.16412171666667,33904
182,3,"Silence","G",203170.547000095,203.170547000095,3.38617578333492,34109
182,4,"Lyrical","G",197296.085000095,197.296085000095,3.28826808333492,34321
183,1,"Speech","H",167780.453000381,167.780453000381,2.79634088333969,36434
183,2,"Silence","H",173051.524000572,173.051524000572,2.8841920666762,36616
183,3,"Lyrical","H",170583.347999809,170.583347999809,2.84305579999682,36805
183,4,"Instrumental","H",169837.854000191,169.837854000191,2.83063090000318,36983
184,1,"Speech","H",182652.974000191,182.652974000191,3.04421623333651,36552
184,2,"Silence","H",169749.781000286,169.749781000286,2.82916301667144,36746
184,3,"Lyrical","H",172771.245000191,172.771245000191,2.87952075000318,36929
184,4,"Instrumental","H",185679.394,185.679394,3.09465656666667,37109
185,1,"Speech","H",175298.891999952,175.298891999952,2.92164819999921,37377
185,2,"Silence","H",157529.287000095,157.529287000095,2.62548811666826,37562
185,3,"Lyrical","H",147948.163999952,147.948163999952,2.46580273333254,37734
185,4,"Instrumental","H",156944.113999952,156.944113999952,2.61573523333254,37893
186,1,"Speech","H",154761.818000286,154.761818000286,2.5793636333381,37793
186,2,"Silence","H",164736.912000381,164.736912000381,2.74561520000636,37966
186,3,"Lyrical","H",128542.368000382,128.542368000382,2.14237280000636,38145
186,4,"Instrumental","H",141776.674000095,141.776674000095,2.36294456666826,38282
187,1,"Speech","H",166631.837,166.631837,2.77719728333333,38053
187,2,"Silence","H",161229.837999982,161.229837999982,2.68716396666637,38227
187,3,"Lyrical","H",157040.195999982,157.040195999982,2.6173365999997,38396
187,4,"Instrumental","H",159486.64,159.48664,2.65811066666667,38558
188,1,"Speech","H",133021.831999999,133.021831999999,2.21703053333332,41097
188,2,"Silence","H",123012.566000001,123.012566000001,2.05020943333335,41235
188,3,"Lyrical","H",118452.782,118.452782,1.97421303333333,41366
188,4,"Instrumental","H",121861.474,121.861474,2.03102456666667,41489
189,1,"Speech","H",135636.136999998,135.636136999998,2.2606022833333,41309
189,2,"Silence","H",126345.182000001,126.345182000001,2.10575303333335,41454
189,3,"Lyrical","H",133567.685,133.567685,2.22612808333333,41595
189,4,"Instrumental","H",140133.878999999,140.133878999999,2.33556464999998,41735
190,1,"Speech","H",183083.409999964,183.083409999964,3.05139016666607,41128
190,2,"Silence","H",190259.353999988,190.259353999988,3.17098923333313,41320
190,3,"Lyrical","H",163470.851999964,163.470851999964,2.7245141999994,41524
190,4,"Instrumental","H",175144.667999964,175.144667999964,2.9190777999994,41695
191,1,"Speech","H",212010.4,212.0104,3.53350666666667,42789
191,2,"Silence","H",180413.88,180.41388,3.006898,43027
191,3,"Lyrical","H",164216.38,164.21638,2.73693966666667,43222
191,4,"Instrumental","H",160272.86,160.27286,2.67121433333333,43394
192,1,"Speech","H",212942.419000024,212.942419000024,3.54904031666706,42967
192,2,"Silence","H",187650.942000012,187.650942000012,3.1275157000002,43192
192,3,"Lyrical","H",182311.113000024,182.311113000024,3.0385185500004,43480
192,4,"Instrumental","H",196538.139000036,196.538139000036,3.2756356500006,43670
193,1,"Speech","H",193507.631,193.507631,3.22512718333334,43135
193,2,"Silence","H",184410.919,184.410919,3.07351531666667,43339
193,3,"Lyrical","H",172127.609,172.127609,2.86879348333334,43537
193,4,"Instrumental","H",184609.32,184.60932,3.076822,43725
194,1,"Speech","H",216140.836999952,216.140836999952,3.60234728333254,43296
194,2,"Silence","H",197004.011999964,197.004011999964,3.2834001999994,43524
194,3,"Lyrical","H",214443.450999976,214.443450999976,3.57405751666627,43736
194,4,"Instrumental","H",212032.934999964,212.032934999964,3.5338822499994,43960
195,1,"Speech","H",333604.390999994,333.604390999994,5.56007318333323,43442
195,2,"Silence","H",304226.230000006,304.226230000006,5.07043716666676,43795
195,3,"Lyrical","H",272542.675000006,272.542675000006,4.54237791666676,44201
195,4,"Instrumental","H",288151.358000018,288.151358000018,4.80252263333363,44485
196,1,"Speech","H",157882.719,157.882719,2.63137865,45695
196,2,"Silence","H",163058.08,163.05808,2.71763466666667,45862
196,3,"Lyrical","H",158286.021999619,158.286021999618,2.63810036666031,46036
196,4,"Instrumental","H",175598.75,175.59875,2.92664583333333,46201
197,1,"Speech","H",176998.325000191,176.998325000191,2.94997208333651,45917
197,2,"Silence","H",173537.929000191,173.537929000191,2.89229881666985,46103
197,3,"Lyrical","H",161320.609000191,161.320609000191,2.68867681666985,46286
197,4,"Instrumental","H",160094.392000191,160.094392000191,2.66823986666984,46453
198,1,"Speech","H",154362.062,154.362062,2.57270103333333,46304
198,2,"Silence","H",139217.62,139.21762,2.32029366666667,46467
198,3,"Lyrical","H",140863.176,140.863176,2.3477196,46614
198,4,"Instrumental","H",141568.738,141.568738,2.35947896666667,46760
199,1,"Speech","H",206651.8,206.6518,3.44419666666667,46133
199,2,"Silence","H",183053.32,183.05332,3.05088866666667,46349
199,3,"Lyrical","H",189549.8,189.5498,3.15916333333333,46554
199,4,"Instrumental","H",184808.68,184.80868,3.08014466666667,46751
200,1,"Speech","H",156391.2,156.3912,2.60652,46347
200,2,"Silence","H",153408.38,153.40838,2.55680633333333,46513
200,3,"Lyrical","H",152919.4,152.9194,2.54865666666667,46681
200,4,"Instrumental","H",148846,148.846,2.48076666666667,46841
201,1,"Speech","H",150576.123000001,150.576123000001,2.50960205000002,47716
201,2,"Silence","H",142247.330000002,142.247330000002,2.37078883333337,47876
201,3,"Lyrical","H",133801.380000002,133.801380000002,2.23002300000004,48030
201,4,"Instrumental","H",129961.190000001,129.961190000001,2.16601983333335,48170
202,1,"Speech","H",178690.698999952,178.690698999952,2.97817831666587,48005
202,2,"Silence","H",163973.208999905,163.973208999905,2.73288681666508,48194
202,3,"Lyrical","H",167381.891999929,167.381891999929,2.78969819999881,48456
202,4,"Instrumental","H",176003.207999929,176.003207999928,2.93338679999881,48631
203,1,"Speech","H",222679.556000095,222.679556000095,3.71132593333492,48229
203,2,"Silence","H",191487.020000048,191.487020000048,3.19145033333413,48462
203,3,"Lyrical","H",174944.768999952,174.944768999952,2.91574614999921,48688
203,4,"Instrumental","H",182480.670999952,182.480670999952,3.04134451666587,48872
204,1,"Speech","H",205437.747000143,205.437747000143,3.42396245000238,48206
204,2,"Silence","H",168541.464,168.541464,2.8090244,48419
204,3,"Lyrical","H",197278.687000095,197.278687000095,3.28797811666826,48663
204,4,"Instrumental","H",166302.575000191,166.302575000191,2.77170958333651,48867
205,1,"Speech","H",268829.803,268.829803,4.48049671666667,48216
205,2,"Silence","H",223012.192,223.012192,3.71686986666667,48496
205,3,"Lyrical","H",241842.32,241.84232,4.03070533333334,48768
205,4,"Instrumental","H",222303.627,222.303627,3.70506045,49019
206,1,"Speech","H",214813.295999988,214.813295999988,3.5802215999998,63926
206,2,"Silence","H",207996.602,207.996602,3.46661003333333,64148
206,3,"Lyrical","H",186546.443000036,186.546443000036,3.10910738333393,64452
206,4,"Instrumental","H",189546.361999988,189.546361999988,3.15910603333313,64644
207,1,"Speech","H",165062.024999997,165.062024999997,2.75103374999995,64814
207,2,"Silence","H",158808.205999994,158.808205999994,2.64680343333323,64987
207,3,"Lyrical","H",164800.816999994,164.800816999994,2.74668028333323,65219
207,4,"Instrumental","H",156758.853999997,156.758853999997,2.61264756666662,65390
208,1,"Speech","H",193573.317999714,193.573317999714,3.2262219666619,81485
208,2,"Silence","H",170175.661,170.175661,2.83626101666667,81691
208,3,"Lyrical","H",164348.841999905,164.348841999905,2.73914736666508,81876
208,4,"Instrumental","H",169169.423999619,169.169423999619,2.81949039999364,82048
